-- phpMyAdmin SQL Dump
-- version 4.1.14
-- http://www.phpmyadmin.net
--
-- Client :  127.0.0.1
-- Généré le :  Lun 13 Avril 2020 à 03:35
-- Version du serveur :  5.6.17
-- Version de PHP :  5.5.12

SET SQL_MODE = "NO_AUTO_VALUE_ON_ZERO";
SET time_zone = "+00:00";


/*!40101 SET @OLD_CHARACTER_SET_CLIENT=@@CHARACTER_SET_CLIENT */;
/*!40101 SET @OLD_CHARACTER_SET_RESULTS=@@CHARACTER_SET_RESULTS */;
/*!40101 SET @OLD_COLLATION_CONNECTION=@@COLLATION_CONNECTION */;
/*!40101 SET NAMES utf8 */;

--
-- Base de données :  `cars`
--

-- --------------------------------------------------------

--
-- Structure de la table `autotnnewcar`
--

CREATE TABLE IF NOT EXISTS `autotnnewcar` (
  `ID` int(11) NOT NULL AUTO_INCREMENT,
  `Marque` varchar(30) NOT NULL,
  `Modele` varchar(30) NOT NULL,
  `Prix` int(11) NOT NULL,
  PRIMARY KEY (`ID`)
) ENGINE=InnoDB  DEFAULT CHARSET=latin1 AUTO_INCREMENT=238 ;

--
-- Contenu de la table `autotnnewcar`
--

INSERT INTO `autotnnewcar` (`ID`, `Marque`, `Modele`, `Prix`) VALUES
(2, 'Porsche', 'Cayenne', 421500),
(3, 'Porsche', 'Panamera', 555000),
(4, 'Porsche', '911', 621000),
(5, 'Porsche', '718 Cayman', 298000),
(6, 'Skoda', 'Fabia', 42500),
(7, 'Skoda', 'Octavia', 93980),
(8, 'Porsche', 'Macan', 299500),
(9, 'Porsche', '718 Boxster', 308000),
(10, 'Skoda', 'Kodiaq', 183980),
(11, 'Skoda', 'Karoq', 147980),
(12, 'Alfa', 'Romeo Giulietta', 81600),
(13, 'Audi', 'A4', 131990),
(14, 'Audi', 'A5 Sportback', 171990),
(15, 'Audi', 'A6', 253990),
(16, 'Audi', 'A7 Sportback', 342990),
(17, 'Audi', 'Q5', 273990),
(18, 'BMW', 'X1', 175600),
(19, 'DS', '3', 73000),
(20, 'Ford', 'Fiesta', 46980),
(21, 'Seat', 'Ibiza', 50980),
(22, 'Citroën', 'C3', 46900),
(23, 'Peugeot', '508', 137500),
(24, 'Volkswagen', 'Polo', 50980),
(25, 'KIA', 'Picanto', 39980),
(26, 'Volkswagen', 'Passat', 109980),
(27, 'BMW', 'Série 5', 223000),
(28, 'Peugeot', 'Partner Tepee', 66990),
(29, 'Peugeot', '308', 64490),
(30, 'Peugeot', '3008', 105990),
(31, 'Seat', 'Leon', 63480),
(32, 'Ford', 'Fusion', 118400),
(33, 'KIA', 'Rio Berline', 58480),
(34, 'KIA', 'Rio 5p', 49980),
(35, 'KIA', 'Sportage', 117980),
(36, 'Volkswagen', 'Amarok', 134980),
(37, 'BMW', 'Série 1', 131600),
(38, 'BMW', 'Série 3', 167000),
(39, 'BMW', 'X3', 265000),
(40, 'Jaguar', 'XF', 236500),
(41, 'Audi', 'A3 Sportback', 121990),
(42, 'DS', '4', 84000),
(43, 'Ford', 'Kuga', 99490),
(44, 'Land', 'Rover Range Rover Evoque', 249000),
(45, 'Land', 'Rover Range Rover Sport', 595000),
(46, 'Mercedes-Benz', 'Classe C', 164900),
(47, 'Mercedes-Benz', 'Classe E', 221000),
(48, 'Mercedes-Benz', 'Classe A', 123000),
(49, 'Peugeot', '5008', 152990),
(50, 'Mazda', 'CX-9', 248700),
(51, 'Mazda', 'BT-50 Pro', 77400),
(52, 'Mercedes-Benz', 'Classe C coupé', 215000),
(53, 'Mercedes-Benz', 'Classe E coupé', 290000),
(54, 'Alfa', 'Romeo Giulia', 220500),
(55, 'Volkswagen', 'Caddy', 52980),
(56, 'Volkswagen', 'Jetta', 94980),
(57, 'Volkswagen', 'Tiguan', 128980),
(58, 'Volkswagen', 'Touareg', 449980),
(59, 'Mini', '3 portes', 119900),
(60, 'Mini', 'Countryman', 153000),
(61, 'Toyota', 'Prado', 286000),
(62, 'Toyota', 'Land Cruiser', 496000),
(63, 'Toyota', 'RAV 4', 145900),
(64, 'Toyota', 'Hilux', 128000),
(65, 'Ssangyong', 'Korando', 98800),
(66, 'Ssangyong', 'Rexton', 209800),
(67, 'Mini', '5 portes', 119900),
(68, 'Citroën', 'Jumper', 74600),
(69, 'Ford', 'Ranger', 148990),
(70, 'Hyundai', 'Elantra', 89500),
(71, 'Hyundai', 'Grand i10', 41950),
(72, 'Hyundai', 'i20', 47500),
(73, 'Hyundai', 'Tucson', 129950),
(74, 'Jeep', 'Compass', 139400),
(75, 'Jeep', 'Grand Cherokee', 329000),
(76, 'Jeep', 'Renegade', 86000),
(77, 'Jeep', 'Wrangler Unlimited', 335000),
(78, 'Mazda', '2', 61500),
(79, 'Mazda', '3', 86900),
(80, 'Mazda', 'MX-5', 148800),
(81, 'Mercedes-Benz', 'Sprinter Van', 102900),
(82, 'Mini', 'Clubman', 157600),
(83, 'Peugeot', 'Partner', 47490),
(84, 'Peugeot', 'Expert', 73980),
(85, 'Ssangyong', 'Actyon Sports', 72900),
(86, 'Ssangyong', 'MUSSO', 155000),
(87, 'Suzuki', 'Baleno', 57900),
(88, 'Suzuki', 'Jimny', 80000),
(89, 'Suzuki', 'Swift', 42900),
(90, 'Suzuki', 'Vitara', 99800),
(91, 'Tata', 'Xenon SC', 44500),
(92, 'Toyota', 'Corolla Sedan', 89000),
(93, 'Toyota', 'Hiace', 138000),
(94, 'Volkswagen', 'Crafter', 89980),
(95, 'Peugeot', '208', 46490),
(96, 'Volkswagen', 'Up', 44980),
(97, 'Mazda', '3 sedan', 86200),
(98, 'Audi', 'Q3', 163990),
(99, 'Peugeot', '301', 44490),
(100, 'Toyota', 'Yaris Sedan', 52000),
(101, 'Volkswagen', 'Golf 7', 77980),
(102, 'Mazda', 'CX-5', 139200),
(103, 'Peugeot', '2008', 64990),
(104, 'Citroën', 'C-Elysée', 44900),
(105, 'Land', 'Rover Range Rover', 770000),
(106, 'Mercedes-Benz', 'CLA', 150000),
(107, 'BMW', 'Série 4 Coupé', 164000),
(108, 'Volkswagen', 'Polo Sedan', 54980),
(109, 'Audi', 'A3 Berline', 99490),
(110, 'Mahindra', 'Pick-up SC', 42800),
(111, 'Land', 'Rover Discovery Sport', 225800),
(112, 'Peugeot', 'Boxer', 74190),
(113, 'Mahindra', 'XUV 500', 98800),
(114, 'Citroën', 'C4 Cactus Berline', 64750),
(115, 'BMW', 'Série 4 Gran Coupé', 165200),
(116, 'Mazda', '2 Sedan', 61800),
(117, 'Hyundai', 'Grand i10 Sedan', 42950),
(118, 'Ssangyong', 'Tivoli', 73800),
(119, 'Hyundai', 'Grand Santa Fe', 213950),
(120, 'Peugeot', '508 GT Line', 144950),
(121, 'Mercedes-Benz', 'GLC', 270000),
(122, 'DS', '4 Crossback', 78700),
(123, 'Peugeot', '308 GT Line', 89900),
(124, 'Jaguar', 'F-Pace', 312000),
(125, 'Great', 'Wall M4', 44900),
(126, 'Haval', 'H2', 79900),
(127, 'Haval', 'H6', 98900),
(128, 'Haval', 'H9', 185000),
(129, 'Great', 'Wall Wingle 5', 59500),
(130, 'Chery', 'QQ Populaire', 19990),
(131, 'Ford', 'Ecosport', 79980),
(132, 'Peugeot', '2008 GT-Line', 87990),
(133, 'Ssangyong', 'XLV', 89900),
(134, 'Suzuki', 'Ciaz', 59900),
(135, 'Suzuki', 'Celerio Populaire', 20768),
(136, 'Peugeot', '3008 GT-Line', 136950),
(137, 'Audi', 'Q2', 109990),
(138, 'Chery', 'Arrizo 5', 55800),
(139, 'Mazda', 'CX-3', 109700),
(140, 'Peugeot', 'Pickup', 60900),
(141, 'Chery', 'Tiggo 3', 64500),
(142, 'Tata', 'Xenon DC', 55000),
(143, 'Hyundai', 'Creta', 95500),
(144, 'Toyota', 'C-HR', 85900),
(145, 'Alfa', 'Romeo Stelvio', 258000),
(146, 'Land', 'Rover Range Rover Velar', 349000),
(147, 'KIA', 'Picanto Populaire', 26988),
(148, 'Seat', 'Arona', 80980),
(149, 'Suzuki', 'Dzire', 41500),
(150, 'Ford', 'Transit Custom', 71100),
(151, 'BMW', 'X2', 172200),
(152, 'Seat', 'Ibiza Populaire', 29397),
(153, 'Jaguar', 'E-Pace', 223900),
(154, 'Mahindra', 'KUV 100', 34990),
(155, 'Peugeot', '5008 GT-Line', 163990),
(156, 'Geely', 'GC 6', 41200),
(157, 'Peugeot', 'traveller', 142990),
(158, 'Mahindra', 'Pick-up DC', 58900),
(159, 'Chery', 'Arrizo 3', 45900),
(160, 'DS', '7 Crossback', 158900),
(161, 'Chery', 'Tiggo 7', 92900),
(162, 'Citroën', 'C3 Aircross', 73700),
(163, 'Chery', 'Tiggo 4', 81900),
(164, 'Ford', 'Transit Van', 80600),
(165, 'Peugeot', '208 Populaire', 28380),
(166, 'Ford', 'Transit Bus', 99000),
(167, 'Hyundai', 'Grand i10 Populaire', 31429),
(168, 'Citroën', 'C3 Populaire', 27848),
(169, 'Audi', 'Q8', 420990),
(170, 'Foton', 'Tunland', 52480),
(171, 'Citroën', 'Berlingo Van', 50480),
(172, 'Chery', 'Tiggo 2', 49000),
(173, 'Toyota', 'Corolla', 69900),
(174, 'Tata', 'Super Ace', 34500),
(175, 'Citroën', 'C5 Aircross', 110800),
(176, 'Suzuki', 'Celerio', 37900),
(177, 'Toyota', 'Yaris Populaire', 28880),
(178, 'Mercedes-Benz', 'GLC Coupé', 280000),
(179, 'Mercedes-Benz', 'Classe A Berline', 125900),
(180, 'Toyota', 'Coaster', 210000),
(181, 'Ford', 'Ranger Raptor', 250000),
(182, 'Seat', 'Tarraco', 129980),
(183, 'Audi', 'A8 L', 549990),
(184, 'Peugeot', 'Rifter', 79990),
(185, 'BMW', 'Série 2 Gran Coupé', 143500),
(186, 'Peugeot', 'Expert Combi', 132990),
(187, 'Nissan', 'Qashqai', 99500),
(188, 'Dacia', 'Duster', 75200),
(189, 'Renault', 'Clio', 45500),
(190, 'Renault', 'Megane', 71950),
(191, 'Renault', 'Symbol', 41900),
(192, 'Renault', 'Trafic', 99500),
(193, 'Nissan', 'Navara', 98700),
(194, 'Nissan', 'Micra', 35875),
(195, 'Dacia', 'Logan MCV', 43990),
(196, 'Renault', 'Captur', 68900),
(197, 'Dacia', 'Dokker Van', 41950),
(198, 'Renault', 'Kadjar', 93950),
(199, 'Renault', 'Clio Populaire', 26935),
(200, 'Renault', 'Talisman', 105000),
(201, 'Lada', '4x4', 45900),
(202, 'Renault', 'Megane Sedan', 73500),
(203, 'Fiat', '500', 50200),
(204, 'Honda', 'Civic', 111900),
(205, 'Honda', 'Accord', 147400),
(206, 'Fiat', 'Doblo', 41900),
(207, 'Fiat', 'Ducato', 75000),
(208, 'Fiat', 'Fiorino', 38000),
(209, 'Fiat', 'Panda', 37600),
(210, 'Fiat', 'Qubo', 53000),
(211, 'Fiat', 'Tipo', 53500),
(212, 'Honda', 'CR-V', 159900),
(213, 'Honda', 'HR-V', 91900),
(214, 'MG', 'ZS', 69950),
(215, 'Mitsubishi', 'ASX', 131700),
(216, 'Fiat', '500X', 86500),
(217, 'Honda', 'City', 63500),
(218, 'MG', '3', 47950),
(219, 'BAIC', 'YX Kenbo S2', 48500),
(220, 'BAIC', 'YX Kenbo S3', 51500),
(221, 'Fiat', 'Tipo Berline', 49000),
(222, 'Mitsubishi', 'Pajero', 230000),
(223, 'DFSK', 'K01', 26900),
(224, 'DFSK', 'K02', 32900),
(225, 'DFSK', 'K01H', 28900),
(226, 'Fiat', 'Panda Populaire', 26990),
(227, 'Mitsubishi', 'Mirage Populaire', 30200),
(228, 'Dongfeng', 'S50', 49900),
(229, 'Mitsubishi', 'Attrage Populaire', 35000),
(230, 'Fiat', 'Doblo Combi', 66000),
(231, 'MG', '6', 93500),
(232, 'MG', '5', 55950),
(233, 'Fiat', 'Panda City Cross', 40980),
(234, 'MG', 'EZS', 149900),
(235, 'MG', 'HS', 99500),
(236, 'Chevrolet', 'Sonic', 47540),
(237, 'Chevrolet', 'Sonic 4p', 45000);

-- --------------------------------------------------------

--
-- Structure de la table `customers_support_accounts`
--

CREATE TABLE IF NOT EXISTS `customers_support_accounts` (
  `ID` bigint(20) NOT NULL AUTO_INCREMENT,
  `ID_ENTREPRISE` bigint(20) DEFAULT NULL,
  `NAME` text,
  `SURNAME` text,
  `EMAIL` text,
  `PWD` text,
  `CREATED` varchar(20) DEFAULT NULL,
  `DATE_MODIFICATION` date DEFAULT NULL,
  `TIME_MODIFICATION` time DEFAULT NULL,
  PRIMARY KEY (`ID`)
) ENGINE=InnoDB  DEFAULT CHARSET=utf8 AUTO_INCREMENT=79 ;

--
-- Contenu de la table `customers_support_accounts`
--

INSERT INTO `customers_support_accounts` (`ID`, `ID_ENTREPRISE`, `NAME`, `SURNAME`, `EMAIL`, `PWD`, `CREATED`, `DATE_MODIFICATION`, `TIME_MODIFICATION`) VALUES
(78, 78979, 'test1', 'test1', 'rimfekih0@ymail.com', '123456', NULL, NULL, NULL);

-- --------------------------------------------------------

--
-- Structure de la table `marques`
--

CREATE TABLE IF NOT EXISTS `marques` (
  `Marque_id` int(11) NOT NULL AUTO_INCREMENT,
  `Marque_name` varchar(30) NOT NULL,
  `Status` int(11) NOT NULL,
  PRIMARY KEY (`Marque_id`)
) ENGINE=InnoDB  DEFAULT CHARSET=latin1 AUTO_INCREMENT=153 ;

--
-- Contenu de la table `marques`
--

INSERT INTO `marques` (`Marque_id`, `Marque_name`, `Status`) VALUES
(1, 'Citroen', 1),
(2, 'Citroen', 1),
(3, 'Citroen ', 1),
(4, 'Citroen', 1),
(5, 'Citroen ', 1),
(6, 'Citroen', 1),
(7, 'Citroen ', 1),
(8, 'Citroen', 1),
(9, 'Citroen ', 1),
(10, 'Citroen', 1),
(11, 'Citroen ', 1),
(12, 'Citroen', 1),
(13, 'Citroen ', 1),
(14, 'Citroen', 1),
(15, 'Citroen ', 1),
(16, 'Citroen', 1),
(17, 'Citroen ', 1),
(18, 'Citroen', 1),
(19, 'Citroen ', 1),
(20, 'Citroen', 1),
(21, 'Citroen ', 1),
(22, 'Audi', 2),
(23, 'Audi', 2),
(24, 'Audi', 2),
(25, 'Audi', 2),
(26, 'Audi', 2),
(27, 'Audi', 2),
(28, 'Audi', 2),
(29, 'Audi', 2),
(30, 'Audi', 2),
(31, 'Audi', 2),
(32, 'Audi', 2),
(33, 'Audi', 2),
(34, 'Audi', 2),
(35, 'Audi', 2),
(36, 'Audi', 2),
(37, 'Audi', 2),
(38, 'Audi', 2),
(39, 'Audi', 2),
(40, 'Audi', 2),
(41, 'Audi', 2),
(42, 'Audi', 2),
(43, 'Audi', 2),
(44, 'Audi', 2),
(45, 'Audi', 2),
(46, 'Audi', 2),
(47, 'Audi', 2),
(48, 'Audi', 2),
(49, 'Audi', 2),
(50, 'Audi', 2),
(51, 'Audi', 2),
(52, 'Audi', 2),
(53, 'Audi', 2),
(54, 'Audi', 2),
(55, 'Audi', 2),
(56, 'Audi', 2),
(57, 'Audi', 2),
(58, 'Audi', 2),
(59, 'Audi', 2),
(60, 'Audi', 2),
(61, 'BMW', 3),
(62, 'BMW', 3),
(63, 'BMW', 3),
(64, 'BMW', 3),
(65, 'BMW', 3),
(66, 'BMW', 3),
(67, 'BMW', 3),
(68, 'BMW', 3),
(69, 'BMW', 3),
(70, 'BMW', 3),
(71, 'BMW', 3),
(72, 'BMW', 3),
(73, 'BMW', 3),
(74, 'BMW', 3),
(75, 'BMW', 3),
(76, 'BMW', 3),
(77, 'BMW', 3),
(78, 'BMW', 3),
(79, 'BMW', 3),
(80, 'BMW', 3),
(81, 'BMW', 3),
(82, 'BAIC YX ', 4),
(83, 'BAIC YX ', 4),
(84, 'DACIA', 5),
(85, 'DACIA', 5),
(86, 'DACIA', 5),
(87, 'Fiat', 6),
(88, 'Fiat', 6),
(89, 'Fiat', 6),
(90, 'Fiat', 6),
(91, 'Fiat', 6),
(92, 'Fiat', 6),
(93, 'Fiat', 6),
(94, 'Fiat', 6),
(95, 'Fiat', 6),
(96, 'Fiat', 6),
(97, 'Ford', 6),
(98, 'Ford', 6),
(99, 'Ford', 6),
(100, 'Ford', 6),
(101, 'Ford', 6),
(102, 'Ford', 6),
(103, 'Ford', 6),
(104, 'Ford', 6),
(105, 'Hyundai', 7),
(106, 'Hyundai', 7),
(107, 'Hyundai', 7),
(108, 'Hyundai', 7),
(109, 'Hyundai', 7),
(110, 'Hyundai', 7),
(111, 'Hyundai', 7),
(112, 'Hyundai', 7),
(113, 'jaguar', 8),
(114, 'jaguar', 8),
(115, 'jaguar', 8),
(116, 'jaguar', 8),
(117, 'jaguar', 8),
(118, 'Jeep', 9),
(119, 'Jeep', 9),
(120, 'Jeep', 9),
(121, 'Jeep', 9),
(122, 'Jeep', 9),
(123, 'Jeep', 9),
(124, 'Kia', 10),
(125, 'Kia', 10),
(126, 'Kia', 10),
(127, 'Kia', 10),
(128, 'Kia', 10),
(129, 'Kia', 10),
(130, 'Kia', 10),
(131, 'Kia', 10),
(132, 'Land Rover', 11),
(133, 'Land Rover', 11),
(134, 'Land Rover', 11),
(135, 'Land Rover', 11),
(136, 'Land Rover', 11),
(137, 'Mahindra', 12),
(138, 'Mahindra', 12),
(139, 'Mahindra', 12),
(140, 'Mazda', 12),
(141, 'Mazda', 12),
(142, 'Mazda', 12),
(143, 'Mazda', 12),
(144, 'Mazda', 12),
(145, 'Mercedes', 13),
(146, 'Mercedes', 13),
(147, 'Mercedes', 13),
(148, 'Mercedes', 13),
(149, 'Mercedes', 13),
(151, 'MG', 14),
(152, 'MG', 15);

-- --------------------------------------------------------

--
-- Structure de la table `marque_modele`
--

CREATE TABLE IF NOT EXISTS `marque_modele` (
  `id` int(11) NOT NULL AUTO_INCREMENT,
  `marque` varchar(250) NOT NULL,
  `modele` varchar(250) NOT NULL,
  PRIMARY KEY (`id`)
) ENGINE=InnoDB  DEFAULT CHARSET=latin1 AUTO_INCREMENT=153 ;

--
-- Contenu de la table `marque_modele`
--

INSERT INTO `marque_modele` (`id`, `marque`, `modele`) VALUES
(1, 'Citroen', 'C1'),
(2, 'Citroen', 'Berlingo '),
(3, 'Citroen ', 'C-zero'),
(4, 'Citroen', 'C3'),
(5, 'Citroen ', 'C4'),
(6, 'Citroen', 'C5 Aircros'),
(7, 'Citroen ', 'E-mehari'),
(8, 'Citroen', 'C5 Aircros'),
(9, 'Citroen ', 'E-mehari'),
(10, 'Citroen', 'GRAND C4 PICASSO'),
(11, 'Citroen ', 'C6'),
(12, 'Citroen', 'C8'),
(13, 'Citroen ', 'Cx'),
(14, 'Citroen', 'Ds4'),
(15, 'Citroen ', 'Ds5'),
(16, 'Citroen', 'XSARA'),
(17, 'Citroen ', 'Xm'),
(18, 'Citroen', 'C-crosser'),
(19, 'Citroen ', 'C-elysee'),
(20, 'Citroen', 'C2'),
(21, 'Citroen ', 'Jumpy'),
(22, 'Audi', 'A3'),
(23, 'Audi', 'A4'),
(24, 'Audi', 'A5'),
(25, 'Audi', 'A6'),
(26, 'Audi', 'A6 Allroad'),
(27, 'Audi', 'A7'),
(28, 'Audi', 'A1'),
(29, 'Audi', 'A4 Allroad'),
(30, 'Audi', 'A6 Allroad'),
(31, 'Audi', 'A8'),
(32, 'Audi', 'E-tron'),
(33, 'Audi', 'E-tron Sportback'),
(34, 'Audi', 'Q2'),
(35, 'Audi', 'Q3'),
(36, 'Audi', 'Q4'),
(37, 'Audi', 'Q5'),
(38, 'Audi', 'Q7'),
(39, 'Audi', 'Q8'),
(40, 'Audi', 'R8'),
(41, 'Audi', 'Rs Q3'),
(42, 'Audi', 'Rs Q8'),
(43, 'Audi', 'Rs3'),
(44, 'Audi', 'Rs4'),
(45, 'Audi', 'Rs5'),
(46, 'Audi', 'Rs6'),
(47, 'Audi', 'Rs7'),
(48, 'Audi', 'S3'),
(49, 'Audi', 'S4'),
(50, 'Audi', 'S5'),
(51, 'Audi', 'S6'),
(52, 'Audi', 'S7'),
(53, 'Audi', 'S8'),
(54, 'Audi', 'Sq2'),
(55, 'Audi', 'Sq5'),
(56, 'Audi', 'Sq7'),
(57, 'Audi', 'Sq8'),
(58, 'Audi', 'Tt'),
(59, 'Audi', 'Tt Rs'),
(60, 'Audi', 'Tts'),
(61, 'BMW', 'I3'),
(62, 'BMW', 'I4'),
(63, 'BMW', 'I8'),
(64, 'BMW', 'Serie 1'),
(65, 'BMW', 'Serie 2'),
(66, 'BMW', 'Serie 3'),
(67, 'BMW', 'Serie 3 Gt'),
(68, 'BMW', 'Serie 4'),
(69, 'BMW', 'Serie 5'),
(70, 'BMW', 'Serie 6'),
(71, 'BMW', 'Serie 7'),
(72, 'BMW', 'Serie 8'),
(73, 'BMW', 'X1'),
(74, 'BMW', 'Serie 8 Gran Coup'),
(75, 'BMW', 'X2'),
(76, 'BMW', 'X3'),
(77, 'BMW', 'X4'),
(78, 'BMW', 'X5'),
(79, 'BMW', 'X7'),
(80, 'BMW', 'X6'),
(81, 'BMW', 'Z4'),
(82, 'BAIC YX ', 'KENBO S2'),
(83, 'BAIC YX ', 'KENBO S3'),
(84, 'DACIA', 'DOKKER VAN'),
(85, 'DACIA', 'LOGAN MCV'),
(86, 'DACIA', 'DUSTER'),
(87, 'Fiat', 'PANDA POPULAIRE'),
(88, 'Fiat', ' PANDA'),
(89, 'Fiat', 'PUNTO'),
(90, 'Fiat', 'TIPO BERLINE'),
(91, 'Fiat', '500'),
(92, 'Fiat', 'TIPO'),
(93, 'Fiat', '500X'),
(94, 'Fiat', 'QUBO'),
(95, 'Fiat', 'COMBI'),
(96, 'Fiat', 'FIORINO'),
(97, 'Ford', 'C-max'),
(98, 'Ford', 'Ecosport'),
(99, 'Ford', 'Edge'),
(100, 'Ford', 'Expedition'),
(101, 'Ford', 'Explorer'),
(102, 'Ford', 'F150'),
(103, 'Ford', 'Fiesta'),
(104, 'Ford', 'Focus'),
(105, 'Hyundai', 'Grand Santa Fe. 4X4 - SUV - Cr'),
(106, 'Hyundai', 'I10. Citadine / Utilitaire'),
(107, 'Hyundai', 'I20'),
(108, 'Hyundai', '30'),
(109, 'Hyundai', 'Ioniq'),
(110, 'Hyundai', 'Kona'),
(111, 'Hyundai', 'Nexo'),
(112, 'Hyundai', 'Santa Fe'),
(113, 'jaguar', 'E-pace'),
(114, 'jaguar', 'F-Pace'),
(115, 'jaguar', 'XE'),
(116, 'jaguar', 'Xf'),
(117, 'jaguar', 'Xj'),
(118, 'Jeep', 'Cherokee'),
(119, 'Jeep', 'Compass'),
(120, 'Jeep', 'GLADIATOR'),
(121, 'Jeep', 'Grand Cherokee'),
(122, 'Jeep', 'Renegade'),
(123, 'Jeep', 'Jeep Wrangler'),
(124, 'Kia', 'Picanto'),
(125, 'Kia', 'Rio'),
(126, 'Kia', 'Stonic'),
(127, 'Kia', 'Ceed'),
(128, 'Kia', 'Ceed Gt'),
(129, 'Kia', 'Ceed Sw'),
(130, 'Kia', 'XCeed'),
(131, 'Kia', 'E-Niro'),
(132, 'Land Rover', 'Defender'),
(133, 'Land Rover', 'Discovery'),
(134, 'Land Rover', 'Discovery Sport'),
(135, 'Land Rover', 'Discovery Sport'),
(136, 'Land Rover', 'Range Rover'),
(137, 'Mahindra', 'Bolero'),
(138, 'Mahindra', 'Cj'),
(139, 'Mahindra', 'Goa'),
(140, 'Mazda', '2'),
(141, 'Mazda', '3'),
(142, 'Mazda', '6'),
(143, 'Mazda', 'Cx-3'),
(144, 'Mazda', 'Mx5'),
(145, 'Mercedes', 'Citan'),
(146, 'Mercedes', 'Cla'),
(147, 'Mercedes', 'Classe A'),
(148, 'Mercedes', 'Classe B'),
(149, 'Mercedes', 'Classe C'),
(150, 'Mercedes', 'Classe Cls'),
(151, 'MG', 'MG3'),
(152, 'MG', 'MG5');

-- --------------------------------------------------------

--
-- Structure de la table `modele`
--

CREATE TABLE IF NOT EXISTS `modele` (
  `Modele_id` int(11) NOT NULL AUTO_INCREMENT,
  `Modele_name` varchar(30) NOT NULL,
  `Marque_id` int(11) NOT NULL,
  PRIMARY KEY (`Modele_id`),
  KEY `Marque_id` (`Marque_id`)
) ENGINE=InnoDB  DEFAULT CHARSET=latin1 AUTO_INCREMENT=153 ;

--
-- Contenu de la table `modele`
--

INSERT INTO `modele` (`Modele_id`, `Modele_name`, `Marque_id`) VALUES
(1, 'C1', 1),
(2, 'Berlingo ', 2),
(3, 'C-zero', 3),
(4, 'C3', 4),
(5, 'C4', 5),
(6, 'C5 Aircros', 6),
(7, 'E-mehari', 7),
(8, 'C5 Aircros', 8),
(9, 'E-mehari', 9),
(10, 'GRAND C4 PICASSO', 10),
(11, 'C6', 11),
(12, 'C8', 12),
(13, 'Cx13', 13),
(14, 'Ds4', 14),
(15, 'Ds5', 15),
(16, 'XSARA', 16),
(17, 'Xm', 17),
(18, 'C-crosser', 18),
(19, 'C-elysee', 19),
(20, 'C2', 20),
(21, 'Jumpy', 21),
(22, 'A3', 22),
(23, 'A4', 23),
(24, 'A5', 24),
(25, 'A6', 25),
(26, 'A6 Allroad', 26),
(27, 'A7', 27),
(28, 'A1', 28),
(29, 'A4 Allroad', 29),
(30, 'A6 Allroad', 30),
(31, 'A8', 31),
(32, 'E-tron', 32),
(33, 'E-tron Sportback', 33),
(34, 'Q2', 34),
(35, 'Q3', 35),
(36, 'Q4', 36),
(37, 'Q5', 37),
(38, 'Q6', 38),
(39, 'R8', 39),
(40, 'Rs Q3', 40),
(41, 'Rs Q8', 41),
(42, 'Rs3', 42),
(43, 'Rs4', 43),
(44, 'Rs5', 44),
(45, 'Rs6', 45),
(46, 'Rs7', 46),
(47, 'S3', 47),
(48, 'S4', 48),
(49, 'S5', 49),
(50, 'S6', 50),
(51, 'S7', 51),
(52, 'S8', 52),
(53, 'Sq2', 53),
(54, 'Sq5', 54),
(55, 'Sq7', 55),
(56, 'Sq8', 56),
(57, 'Tt', 57),
(58, 'Tt Rs', 58),
(59, 'Tts', 59),
(60, 'I3', 60),
(61, 'I4', 61),
(62, 'I8', 62),
(63, 'Serie 1', 63),
(64, 'Serie 2', 64),
(65, 'Serie 3', 65),
(66, 'Serie 3 Gt', 66),
(67, 'Serie 4', 67),
(68, 'Serie 5', 68),
(69, 'Serie 6', 69),
(70, 'Serie 7', 70),
(71, 'Serie 8', 71),
(72, 'X1', 72),
(73, 'Serie 8 Gran Coup', 73),
(74, 'X2', 74),
(75, 'X3', 75),
(76, 'X4', 76),
(77, 'X5', 77),
(78, 'X7', 78),
(79, 'X6', 79),
(80, 'Z4', 80),
(81, 'KENBO S2', 81),
(82, 'KENBO S3', 82),
(83, 'DOKKER VAN', 83),
(84, 'OGAN MCV', 84),
(85, 'DUSTER', 85),
(86, 'PANDA POPULAIRE', 86),
(87, 'PANDA', 87),
(88, 'PUNTO', 88),
(89, 'TIPO BERLINE', 89),
(90, '500', 90),
(91, 'TIPO', 91),
(92, '500X', 92),
(93, 'QUBO', 93),
(94, 'COMBI', 94),
(95, 'FIORINO', 95),
(96, 'C-max', 96),
(97, 'Ecosport', 97),
(98, 'Edge', 98),
(99, 'Expedition', 99),
(100, 'Explorer', 100),
(101, 'F150', 101),
(102, 'Fiesta', 102),
(103, 'Focus', 103),
(104, 'Grand Santa Fe. 4X4 - SUV - Cr', 104),
(105, 'I10. Citadine / Utilitaire', 105),
(106, 'I20', 106),
(107, '30', 107),
(108, 'Ioniq', 108),
(109, 'Kona', 109),
(110, 'Nexo', 110),
(111, 'Santa Fe', 111),
(112, 'E-pace', 112),
(113, 'F-Pace', 113),
(114, 'XE', 114),
(115, 'Xf', 115),
(116, 'Xj', 116),
(117, 'Cherokee', 117),
(118, 'Compass', 118),
(119, 'GLADIATOR', 119),
(120, 'Grand Cherokee', 120),
(121, 'Renegade', 121),
(122, 'Jeep Wrangler', 122),
(123, 'Picanto', 123),
(124, 'Rio', 124),
(125, 'Stonic', 125),
(126, 'Ceed', 126),
(127, 'Ceed Gt', 127),
(128, 'Ceed Sw', 128),
(129, 'XCeed', 129),
(130, 'E-Niro', 130),
(131, 'Defender', 131),
(132, 'Discovery', 132),
(133, 'Discovery Sport', 133),
(134, 'Discovery Sport', 134),
(135, 'Range Rover', 135),
(136, 'Bolero', 136),
(137, 'Cj', 137),
(138, 'Goa', 138),
(139, '2', 139),
(140, '3', 140),
(141, '6', 141),
(142, 'Cx-3', 142),
(143, 'Mx5', 143),
(144, 'Citan', 144),
(145, 'Cla', 145),
(146, 'Classe A', 146),
(147, 'Classe B', 147),
(148, 'Classe C', 148),
(149, 'Classe Cls', 149),
(151, 'MG3', 151),
(152, 'MG5', 152);

-- --------------------------------------------------------

--
-- Structure de la table `newcars`
--

CREATE TABLE IF NOT EXISTS `newcars` (
  `Marque` varchar(30) NOT NULL,
  `Modele` varchar(30) NOT NULL
) ENGINE=InnoDB DEFAULT CHARSET=latin1;

--
-- Contenu de la table `newcars`
--

INSERT INTO `newcars` (`Marque`, `Modele`) VALUES
('Citroen', 'C1'),
('Citroen', 'Berlingo '),
('Citroen ', 'C-zero'),
('Citroen', 'C3'),
('Citroen ', 'C4'),
('Citroen', 'C5 Aircros'),
('Citroen ', 'E-mehari'),
('Citroen', 'C5 Aircros'),
('Citroen ', 'E-mehari'),
('Citroen', 'GRAND C4 PICASSO'),
('Citroen ', 'C6'),
('Citroen', 'C8'),
('Citroen ', 'Cx'),
('Citroen', 'Ds4'),
('Citroen ', 'Ds5'),
('Citroen', 'XSARA'),
('Citroen ', 'Xm'),
('Citroen', 'C-crosser'),
('Citroen ', 'C-elysee'),
('Citroen', 'C2'),
('Citroen ', 'Jumpy'),
('Audi', 'A3'),
('Audi', 'A4'),
('Audi', 'A5'),
('Audi', 'A6'),
('Audi', 'A6 Allroad'),
('Audi', 'A7'),
('Audi', 'A1'),
('Audi', 'A4 Allroad'),
('Audi', 'A6 Allroad'),
('Audi', 'A8'),
('Audi', 'E-tron'),
('Audi', 'E-tron Sportback'),
('Audi', 'Q2'),
('Audi', 'Q3'),
('Audi', 'Q4'),
('Audi', 'Q5'),
('Audi', 'Q7'),
('Audi', 'Q8'),
('Audi', 'R8'),
('Audi', 'Rs Q3'),
('Audi', 'Rs Q8'),
('Audi', 'Rs3'),
('Audi', 'Rs4'),
('Audi', 'Rs5'),
('Audi', 'Rs6'),
('Audi', 'Rs7'),
('Audi', 'S3'),
('Audi', 'S4'),
('Audi', 'S5'),
('Audi', 'S6'),
('Audi', 'S7'),
('Audi', 'S8'),
('Audi', 'Sq2'),
('Audi', 'Sq5'),
('Audi', 'Sq7'),
('Audi', 'Sq8'),
('Audi', 'Tt'),
('Audi', 'Tt Rs'),
('Audi', 'Tts'),
('BMW', 'I3'),
('BMW', 'I4'),
('BMW', 'I8'),
('BMW', 'Serie 1'),
('BMW', 'Serie 2'),
('BMW', 'Serie 3'),
('BMW', 'Serie 3 Gt'),
('BMW', 'Serie 4'),
('BMW', 'Serie 5'),
('BMW', 'Serie 6'),
('BMW', 'Serie 7'),
('BMW', 'Serie 8'),
('BMW', 'X1'),
('BMW', 'Serie 8 Gran Coup'),
('BMW', 'X2'),
('BMW', 'X3'),
('BMW', 'X4'),
('BMW', 'X5'),
('BMW', 'X7'),
('BMW', 'X6'),
('BMW', 'Z4'),
('BAIC YX ', 'KENBO S2'),
('BAIC YX ', 'KENBO S3'),
('DACIA', 'DOKKER VAN'),
('DACIA', 'LOGAN MCV'),
('DACIA', 'DUSTER'),
('Fiat', 'PANDA POPULAIRE'),
('Fiat', ' PANDA'),
('Fiat', 'PUNTO'),
('Fiat', 'TIPO BERLINE'),
('Fiat', '500'),
('Fiat', 'TIPO'),
('Fiat', '500X'),
('Fiat', 'QUBO'),
('Fiat', 'COMBI'),
('Fiat', 'FIORINO'),
('Ford', 'C-max'),
('Ford', 'Ecosport'),
('Ford', 'Edge'),
('Ford', 'Expedition'),
('Ford', 'Explorer'),
('Ford', 'F150'),
('Ford', 'Fiesta'),
('Ford', 'Focus'),
('Hyundai', 'Grand Santa Fe. 4X4 - SUV - Cr'),
('Hyundai', 'I10. Citadine / Utilitaire'),
('Hyundai', 'I20'),
('Hyundai', '30'),
('Hyundai', 'Ioniq'),
('Hyundai', 'Kona'),
('Hyundai', 'Nexo'),
('Hyundai', 'Santa Fe'),
('jaguar', 'E-pace'),
('jaguar', 'F-Pace'),
('jaguar', 'XE'),
('jaguar', 'Xf'),
('jaguar', 'Xj'),
('Jeep', 'Cherokee'),
('Jeep', 'Compass'),
('Jeep', 'GLADIATOR'),
('Jeep', 'Grand Cherokee'),
('Jeep', 'Renegade'),
('Jeep', 'Jeep Wrangler'),
('Kia', 'Picanto'),
('Kia', 'Rio'),
('Kia', 'Stonic'),
('Kia', 'Ceed'),
('Kia', 'Ceed Gt'),
('Kia', 'Ceed Sw'),
('Kia', 'XCeed'),
('Kia', 'E-Niro'),
('Land Rover', 'Defender'),
('Land Rover', 'Discovery'),
('Land Rover', 'Discovery Sport'),
('Land Rover', 'Discovery Sport'),
('Land Rover', 'Range Rover'),
('Mahindra', 'Bolero'),
('Mahindra', 'Cj'),
('Mahindra', 'Goa'),
('Mazda', '2'),
('Mazda', '3'),
('Mazda', '6'),
('Mazda', 'Cx-3'),
('', 'Cx-5'),
('Mazda', 'Mx5'),
('Mercedes', 'Citan'),
('Mercedes', 'Cla'),
('Mercedes', 'Classe A'),
('Mercedes', 'Classe B'),
('Mercedes', 'Classe C'),
('Mercedes', 'Classe Cls'),
('MG', 'MG3'),
('MG', 'MG5');

-- --------------------------------------------------------

--
-- Structure de la table `partners`
--

CREATE TABLE IF NOT EXISTS `partners` (
  `ID` bigint(20) NOT NULL AUTO_INCREMENT,
  `ID_GROUPE` bigint(20) DEFAULT NULL,
  `TITLE_fr` text,
  `TITLE_en` text,
  `IMG1` text,
  `BODY` text,
  `DATE` varchar(20) DEFAULT NULL,
  `HEURE` varchar(20) DEFAULT NULL,
  `DATE_MODIFICATION` date DEFAULT NULL,
  `HEURE_MODIFICATION` time DEFAULT NULL,
  PRIMARY KEY (`ID`)
) ENGINE=InnoDB  DEFAULT CHARSET=utf8 AUTO_INCREMENT=3 ;

--
-- Contenu de la table `partners`
--

INSERT INTO `partners` (`ID`, `ID_GROUPE`, `TITLE_fr`, `TITLE_en`, `IMG1`, `BODY`, `DATE`, `HEURE`, `DATE_MODIFICATION`, `HEURE_MODIFICATION`) VALUES
(1, 2, 'karhabti', 'kahabti', 'gas.jpg', 'CAR/SPORT', '27-07-2017', '12:18', '0000-00-00', '00:00:00'),
(2, 3, 'karhba', 'car', 'mimi.jpg', 'car/sport', '11/12/2019', '18:12', '0000-00-00', '00:00:00');

-- --------------------------------------------------------

--
-- Structure de la table `user`
--

CREATE TABLE IF NOT EXISTS `user` (
  `ID` bigint(20) NOT NULL AUTO_INCREMENT,
  `DROIT` varchar(20) DEFAULT '',
  `NOM` text,
  `PRENOM` text,
  `SEXE` text,
  `EMAIL` text,
  `PSEUDO` text,
  `PWD` text,
  `DATE_NAISSANCE` text,
  `CODE_EMAIL` text,
  `CODE_EMAIL_VALIDER` text,
  `CREATED` varchar(20) DEFAULT NULL,
  `DATE_MODIFICATION` date DEFAULT NULL,
  `TIME_MODIFICATION` time DEFAULT NULL,
  PRIMARY KEY (`ID`)
) ENGINE=InnoDB  DEFAULT CHARSET=utf8 AUTO_INCREMENT=11 ;

--
-- Contenu de la table `user`
--

INSERT INTO `user` (`ID`, `DROIT`, `NOM`, `PRENOM`, `SEXE`, `EMAIL`, `PSEUDO`, `PWD`, `DATE_NAISSANCE`, `CODE_EMAIL`, `CODE_EMAIL_VALIDER`, `CREATED`, `DATE_MODIFICATION`, `TIME_MODIFICATION`) VALUES
(10, 'superadmin', 'RIM', 'FEKIH', NULL, 'rimfekih0@gmail.com', NULL, '123456', NULL, NULL, NULL, NULL, NULL, NULL);

-- --------------------------------------------------------

--
-- Structure de la table `users`
--

CREATE TABLE IF NOT EXISTS `users` (
  `id` int(11) NOT NULL AUTO_INCREMENT,
  `username` varchar(100) NOT NULL,
  `email` varchar(100) NOT NULL,
  `password` varchar(100) NOT NULL,
  `image` varchar(100) NOT NULL,
  PRIMARY KEY (`id`)
) ENGINE=InnoDB DEFAULT CHARSET=latin1 AUTO_INCREMENT=1 ;

--
-- Contraintes pour les tables exportées
--

--
-- Contraintes pour la table `modele`
--
ALTER TABLE `modele`
  ADD CONSTRAINT `modele_ibfk_1` FOREIGN KEY (`Marque_id`) REFERENCES `marques` (`Marque_id`);

/*!40101 SET CHARACTER_SET_CLIENT=@OLD_CHARACTER_SET_CLIENT */;
/*!40101 SET CHARACTER_SET_RESULTS=@OLD_CHARACTER_SET_RESULTS */;
/*!40101 SET COLLATION_CONNECTION=@OLD_COLLATION_CONNECTION */;
